NCTId,BriefTitle,Phase,SponsorName,success_rate,phase_historical_success_rate,cumulative_approval_probability,simulated_success_rate,median_approval_year,mean_approval_year,pct10_approval_year,pct90_approval_year,earliest_approval_year,latest_approval_year,japan_median_approval_year,japan_mean_approval_year,japan_pct10_approval_year,japan_pct90_approval_year,japan_earliest_approval_year,japan_latest_approval_year,japan_median_delay_years
NCT04945772,Efficacy and Safety of MCO-010 Optogenetic Therapy in Adults With Retinitis Pigmentosa [RESTORE],PHASE2,Nanoscope Therapeutics Inc.,0.49842000000000003,0.78,0.49842000000000003,0.5011,2027.0,2027.0,2027.0,2027.0,2027,2027,2027.0,2027.239872280982,2027.0,2028.0,2027,2028,0.38487482249558214
NCT07174726,A Phase 2 Open-label Study to Evaluate the Safety of Laruparetigene Zovaparvovec Administered Bilaterally in Male Participants With X-Linked Retinitis Pigmentosa,PHASE2,Beacon Therapeutics,0.85,0.78,0.85,0.4932,2028.0,2028.074412003244,2028.0,2028.0,2028,2029,2033.0,2033.206609894566,2032.0,2034.0,2031,2036,5.023653600984819
NCT06388200,A Phase 3 Study Of OCU400 Gene Therapy for the Treatment Of Retinitis Pigmentosa,PHASE3,Ocugen,0.639,0.639,0.639,0.6413,2028.0,2028.0,2028.0,2028.0,2028,2028,2033.0,2032.9777015437394,2032.0,2034.0,2031,2035,4.978752172878433
NCT04850118,A Clinical Trial Evaluating the Safety and Efficacy of a Single Subretinal Injection of AGTC-501 in Participants With XLRP,"PHASE2, PHASE3",Beacon Therapeutics,0.85,0.78,0.85,0.5056,2028.0,2028.0696202531647,2028.0,2028.0,2028,2029,2033.0,2033.212618670886,2032.0,2034.0,2031,2035,5.006444383912607
NCT06333249,A Study Comparing Two Doses of AGTC-501 in Male Subjects With X-linked Retinitis Pigmentosa Caused by RPGR Mutations (SKYLINE),PHASE2,Beacon Therapeutics,0.85,0.78,0.85,0.4982,2028.0,2028.0736651947009,2028.0,2028.0,2028,2029,2033.0,2033.2039341629868,2032.0,2034.0,2031,2036,5.001337793232128
NCT06646289,A Follow-on Study for Second-Eye Treatment for Participants Previously Treated With Gene Therapy for X-Linked Retinitis Pigmentosa (XLRP),PHASE2,MeiraGTx Ocular UK Ltd,0.5,0.78,0.5,0.5025,2028.0,2027.6392039800994,2027.0,2028.0,2027,2028,2033.0,2032.5649751243782,2031.0,2034.0,2030,2035,4.9883831226221815
NCT05203939,Study to Assess the Safety and Efficacy of OCU400 for Retinitis Pigmentosa and Leber Congenital Amaurosis,"PHASE1, PHASE2",Ocugen,0.423657,0.85,0.423657,0.4216,2028.0,2028.0,2028.0,2028.0,2028,2028,2033.0,2032.9931214421251,2032.0,2034.0,2031,2035,4.98804865552012
NCT04794101,Follow-up Gene Therapy Trial for the Treatment of X-linked Retinitis Pigmentosa Associated With Variants in the RPGR Gene,PHASE3,MeiraGTx Ocular UK Ltd,0.5,0.639,0.5,0.4936,2028.0,2027.6576175040518,2027.0,2028.0,2027,2028,2033.0,2032.5869124797407,2031.0,2034.0,2030,2035,5.011390260458592
NCT06275620,A Study Comparing Two Doses of AGTC-501 in Male Participants With X-linked Retinitis Pigmentosa Caused by RPGR Mutations (DAWN),PHASE2,Beacon Therapeutics,0.85,0.78,0.85,0.4913,2028.0,2028.0685935273764,2028.0,2028.0,2028,2029,2033.0,2033.1850193364544,2032.0,2034.0,2031,2036,4.983336792672608
NCT05926583,A Study of AAV5-hRKp.RPGR for the Treatment of Japanese Participants With X-linked Retinitis Pigmentosa,PHASE3,MeiraGTx Ocular UK Ltd,0.5,0.639,0.5,0.503,2028.0,2027.6542743538766,2027.0,2028.0,2027,2028,2033.0,2032.597017892644,2031.0,2034.0,2030,2035,5.019919260068539
NCT05537220,Oral N-acetylcysteine for Retinitis Pigmentosa,PHASE3,Johns Hopkins University,0.71,0.71,0.71,0.7027,2029.0,2029.4670556425217,2029.0,2030.0,2028,2031,2034.0,2034.4677671837198,2033.0,2036.0,2032,2038,5.002740674016856
NCT07082855,"A Multicenter, Randomized, Double-Blind, Controlled Clinical Study of Minocycline for the Treatment of Retinitis Pigmentosa",PHASE3,"Zhongshan Ophthalmic Center, Sun Yat-sen University",0.71,0.71,0.71,0.7084,2031.0,2031.205533596838,2030.0,2032.0,2030,2033,2036.0,2036.212168266516,2035.0,2037.0,2033,2040,5.008371387965855
NCT07290530,24-Month Trial of NPI-001 for the Preservation of Photoreceptors in Retinitis Pigmentosa Associated With Usher Syndrome,PHASE3,"Nacuity Pharmaceuticals, Inc.",0.71,0.71,0.71,0.7139,2032.0,2032.4224681327917,2032.0,2033.0,2031,2034,2037.0,2037.4202269225382,2036.0,2039.0,2035,2040,4.991479555754356
NCT07710196,A 24-Month Trial of NPI-001 for the Preservation of Photoreceptors in Retinitis Pigmentosa Associated With Usher Syndrome,PHASE3,"Nacuity Pharmaceuticals, Inc.",0.71,0.71,0.71,0.7008,2032.0,2032.4250856164383,2032.0,2033.0,2031,2034,2037.0,2037.4208047945206,2036.0,2039.0,2034,2041,4.988392912746555
NCT00999609,Safety and Efficacy Study in Subjects With Leber Congenital Amaurosis,PHASE3,"Spark Therapeutics, Inc.",0.71,0.71,0.71,0.7075,2032.0,2032.4279858657244,2032.0,2033.0,2031,2034,2037.0,2037.4052296819789,2036.0,2039.0,2034,2041,4.9745055251634
NCT02065011,"A Study to Determine the Long-Term Safety, Tolerability and Biological Activity of SAR421869 in Patients With Usher Syndrome Type 1B",PHASE2,Sanofi,0.5538,0.78,0.5538,0.558,2033.0,2032.910394265233,2032.0,2034.0,2031,2035,2038.0,2037.921146953405,2037.0,2039.0,2035,2041,5.0001280842327045
NCT06628947,A Phase II Study of Intravitreal KIO-301 in Patients With Late-stage Retinitis Pigmentosa,PHASE2,"Kiora Pharmaceuticals, Inc.",0.5538,0.78,0.5538,0.5527,2034.0,2034.328026053917,2033.0,2035.0,2032,2037,2039.0,2039.3473855617876,2038.0,2041.0,2036,2043,5.021970976250878
NCT06627179,Study to Evaluate Ultevursen in Subjects With Retinitis Pigmentosa (RP) Due to Mutations in Exon 13 of the USH2A Gene,PHASE2,Laboratoires Thea,0.49842000000000003,0.78,0.49842000000000003,0.4991,2034.0,2033.6014826688038,2033.0,2034.0,2031,2036,2039.0,2038.6062913243838,2037.0,2040.0,2035,2042,4.996699244693124
NCT06912633,"Safety of a Single, Intravitreal Injection of 6.0M jCell (Famzeretcel) in Retinitis Pigmentosa (RP)",PHASE2,"jCyte, Inc",0.5538,0.78,0.5538,0.5525,2034.0,2034.1276018099547,2033.0,2035.0,2032,2036,2039.0,2039.1171040723982,2038.0,2041.0,2036,2043,4.988283416924254
NCT07796646,Study to Evaluate the Long-Term Safety of Ultevursen in Participants With Retinitis Pigmentosa (RP) Due to Mutations in Exon 13 of the USH2A Gene,PHASE2,Laboratoires Thea,0.49842000000000003,0.78,0.49842000000000003,0.5021,2035.0,2035.4192391953793,2035.0,2036.0,2033,2038,2040.0,2040.4166500697072,2039.0,2042.0,2037,2044,5.005764373865383
NCT05909488,Role of UC-MSC and CM to Inhibit Vision Loss in Retinitis Pigmentosa Phase I/II,"PHASE2, PHASE3",PT. Prodia Stem Cell Indonesia,0.5538,0.78,0.5538,0.5532,2035.0,2035.4219088937093,2035.0,2036.0,2033,2038,2040.0,2040.4351048445408,2039.0,2042.0,2037,2044,5.013810513772007
NCT06460844,Study to Evaluate Safety of RTx-015 Injection in Retinitis Pigmentosa or Choroideremia Patients (ENVISION),PHASE1,"Ray Therapeutics, Inc.",0.47073,0.85,0.47073,0.4682,2036.0,2035.9184109354976,2035.0,2037.0,2034,2038,2041.0,2040.9269542930372,2040.0,2042.0,2038,2045,5.003291634328483
NCT05147701,Safety of Cultured Allogeneic Adult Umbilical Cord Derived Mesenchymal Stem Cells for NAION,PHASE1,The Foundation for Orthopaedics and Regenerative Medicine,0.423657,0.85,0.423657,0.4193,2036.0,2035.9134271404723,2035.0,2037.0,2034,2038,2041.0,2040.9205819222514,2040.0,2042.0,2037,2044,5.014571677086143
NCT07341919,Subtenon Autologous Platelet-Rich Plasma in Inherited and Degenerative Retinal Diseases,"PHASE1, PHASE2",Rubens Camargo Siqueira,0.423657,0.85,0.423657,0.4232,2036.0,2036.0023629489604,2035.0,2037.0,2034,2038,2041.0,2041.0274102079395,2040.0,2042.0,2038,2045,5.023556888930354
NCT06291935,Safety and Tolerability of Intravitreal Administration of VG901 in Patients With Retinitis Pigmentosa Due to Mutations in the CNGA1 Gene,PHASE1,VeonGen Therapeutics GmbH,0.423657,0.85,0.423657,0.4282,2036.0,2035.9201307800092,2035.0,2037.0,2034,2038,2041.0,2040.9035497431107,2040.0,2042.0,2037,2044,4.970897236533299
NCT03316560,Safety and Efficacy of rAAV2tYF-GRK1-RPGR in Subjects With X-linked Retinitis Pigmentosa Caused by RPGR Mutations,"PHASE1, PHASE2",Beacon Therapeutics,0.85,0.85,0.85,0.4176,2036.0,2035.907327586207,2035.0,2037.0,2034,2038,2041.0,2040.8915229885058,2040.0,2042.0,2037,2044,4.980751765985101
NCT06787482,"Evaluating a New Peptide Therapy for Retinal Diseases: AMD, Diabetic Retinopathy, and Dystrophies","PHASE1, PHASE2",Ace Cells Lab Limited,0.47073,0.85,0.47073,0.4771,2036.0,2035.9450848878641,2035.0,2037.0,2034,2038,2041.0,2040.9442464892056,2040.0,2042.0,2037,2045,5.001643022657484
NCT06242379,Safety and Efficacy of Stem Cell Small Extracellular Vesicles in Patients With Retinitis Pigmentosa,"PHASE1, PHASE2",Mahidol University,0.47073,0.85,0.47073,0.4635,2036.0,2035.9160733549083,2035.0,2037.0,2034,2038,2041.0,2040.9303128371089,2040.0,2042.0,2037,2045,5.008142156726303
NCT04123626,A Study to Evaluate the Safety and Tolerability of QR-1123 in Subjects With Autosomal Dominant Retinitis Pigmentosa Due to the P23H Mutation in the RHO Gene,"PHASE1, PHASE2",ProQR Therapeutics,0.423657,0.85,0.423657,0.4197,2036.0,2035.93304741482,2035.0,2037.0,2034,2038,2041.0,2040.9480581367643,2040.0,2042.0,2038,2044,5.005731202339005
NCT06565572,Antisense Oligonucleotide Treatment for PCARP Disease Due to Mutation in FLVCR1,EARLY_PHASE1,"University of Colorado, Denver",0.47073,0.85,0.47073,0.4801,2036.0,2035.9214746927723,2035.0,2037.0,2034,2038,2041.0,2040.9445948760674,2040.0,2042.0,2037,2044,5.008438631800391
NCT03963154,Interventional Study of Implantation of hESC-derived RPE in Patients With RP Due to Monogenic Mutation,"PHASE1, PHASE2",Centre d'Etude des Cellules Souches,0.47073,0.85,0.47073,0.4736,2036.0,2035.9102618243244,2035.0,2037.0,2034,2038,2041.0,2040.9241976351352,2040.0,2042.0,2037,2044,5.014208020617727
NCT06591793,Study of Subretinally Injected AAVB-081 in Patients With Usher Syndrome Type IB (USH1B) Retinitis Pigmentosa,"PHASE1, PHASE2",AAVantgarde Bio Srl,0.423657,0.85,0.423657,0.4235,2036.0,2035.9244391971665,2035.0,2037.0,2034,2038,2041.0,2040.922077922078,2040.0,2042.0,2037,2044,5.012900449153399
NCT06789445,A Study to Investigate the Safety of OpCT-001 in Adults Who Have Primary Photoreceptor Disease (CLARICO),"PHASE1, PHASE2",BlueRock Therapeutics,0.47073,0.85,0.47073,0.4715,2036.0,2036.062778366914,2035.0,2037.0,2034,2038,2041.0,2041.089925768823,2040.0,2042.0,2038,2044,5.030988736943692
NCT04284293,CNS10-NPC for the Treatment of RP,PHASE1,Cedars-Sinai Medical Center,0.47073,0.85,0.47073,0.4691,2036.0,2035.9292261777873,2035.0,2037.0,2034,2038,2041.0,2040.9430824984013,2040.0,2042.0,2037,2045,5.010256552606276
NCT06292650,Safety and Efficacy Study of Novel Gene Therapy ZM-02 for Retinitis Pigmentosa Patients,EARLY_PHASE1,Zhongmou Therapeutics,0.423657,0.85,0.423657,0.4205,2036.0,2035.8910820451842,2035.0,2037.0,2034,2038,2041.0,2040.9172413793103,2040.0,2042.0,2038,2044,5.001377914907522
NCT06852963,"A Repeat-Dose, Open-Label, Two Arm Safety and Efficacy Study of Two Doses of VP-001 Administered Intravitreally in Participants With Confirmed PRPF31 Mutation-Associated Retinal Dystrophy, Including Participants Previously Treated With VP001","PHASE1, PHASE2",PYC Therapeutics,0.47073,0.85,0.47073,0.2236,2036.0,2036.2084078711985,2035.0,2037.0,2034,2039,2041.0,2041.2093023255813,2040.0,2043.0,2038,2045,5.005636215893027
NCT07807111,"Open-Label Study to Evaluate the Safety, Tolerability, and Efficacy of Gene Therapy (SPVN20) in Subjects With Rod-Cone Dystrophy","PHASE1, PHASE2",SparingVision,0.423657,0.85,0.423657,0.4277,2036.0,2036.485854570961,2035.0,2038.0,2034,2039,2041.0,2041.4996492868834,2040.0,2043.0,2038,2045,5.032015866022342
NCT06319872,The Effects of Disulfiram (Antabuse®) on Visual Acuity in Patients With Retinal Degeneration,PHASE1,University of Rochester,0.423657,0.85,0.423657,0.4278,2036.0,2036.154043945769,2035.0,2037.0,2034,2039,2041.0,2041.1577840112202,2040.0,2043.0,2037,2045,5.017107571584916
NCT06936787,"An Open-label, Dose-ascending Study of IGT001 for Retinitis Pigmentosa",PHASE1,"Shanghai General Hospital, Shanghai Jiao Tong University School of Medicine",0.423657,0.85,0.423657,0.4251,2036.0,2036.1107974594213,2035.0,2037.0,2034,2039,2041.0,2041.1060926840744,2040.0,2043.0,2038,2045,4.9971864274142455
NCT04278131,BS01 in Patients With Retinitis Pigmentosa,"PHASE1, PHASE2",Bionic Sight LLC,0.47073,0.85,0.47073,0.4682,2036.0,2035.9194788551902,2035.0,2037.0,2034,2038,2041.0,2040.8951302862024,2040.0,2042.0,2037,2044,4.974136018143292
NCT03999021,FIGHT-RP 1 Extension Study,PHASE1,Johns Hopkins University,0.47073,0.85,0.47073,0.4654,2036.0,2035.9020197679415,2035.0,2037.0,2033,2038,2041.0,2040.8994413407822,2040.0,2042.0,2037,2044,4.993787531442726
NCT03326336,Dose-escalation Study to Evaluate the Safety and Tolerability of GS030 in Subjects With Retinitis Pigmentosa,"PHASE1, PHASE2",GenSight Biologics,0.47073,0.85,0.47073,0.4644,2036.0,2035.9248492678726,2035.0,2037.0,2034,2038,2041.0,2040.9298018949182,2040.0,2042.0,2037,2045,4.993429137474388
NCT04517149,4D-125 in Patients With X-Linked Retinitis Pigmentosa (XLRP),"PHASE1, PHASE2",4D Molecular Therapeutics,0.47073,0.85,0.47073,0.4808,2036.0,2035.921589018303,2035.0,2037.0,2034,2038,2041.0,2040.9195091514143,2040.0,2042.0,2037,2044,4.999833611388523
NCT03944239,Safety and Efficacy of Subretinal Transplantation of Clinical Human Embryonic Stem Cell Derived Retinal Pigment Epitheliums in Treatment of Retinitis Pigmentosa,PHASE1,Qi Zhou,0.47073,0.85,0.47073,0.4772,2036.0,2035.9084241408214,2035.0,2037.0,2034,2038,2041.0,2040.8973176865047,2040.0,2042.0,2037,2044,4.989123198498003
NCT05748873,Promising ROd-cone DYstrophy Gene therapY,"PHASE1, PHASE2",SparingVision,0.423657,0.85,0.423657,0.42,2036.0,2035.9057142857143,2035.0,2037.0,2034,2038,2041.0,2040.914761904762,2040.0,2042.0,2037,2044,4.998584322962559
NCT07348588,Intravitreal Adalimumab in Inherited and Degenerative Retinal Diseases,"PHASE1, PHASE2",Centro de Pesquisa Rubens Siqueira,0.423657,0.85,0.423657,0.4201,2036.0,2036.2270887883838,2035.0,2037.0,2034,2039,2041.0,2041.2351820995002,2040.0,2043.0,2038,2045,5.00018963985173
NCT04611503,PDE6A Gene Therapy for Retinitis Pigmentosa,"PHASE1, PHASE2",STZ eyetrial,0.423657,0.85,0.423657,0.432,2036.0,2035.9224537037037,2035.0,2037.0,2034,2038,2041.0,2040.9083333333333,2040.0,2042.0,2037,2044,4.992574491672059
NCT06952842,Safety and Efficacy of ZVS203e in the Treatment of Retinitis Pigmentosa Caused by RHO Gene Mutation,"PHASE1, PHASE2","Chigenovo Co., Ltd",0.423657,0.85,0.423657,0.4317,2036.0,2036.3073893907806,2035.0,2037.0,2034,2039,2041.0,2041.2997451934214,2040.0,2043.0,2038,2046,4.99085262610655
NCT05874310,Gene Therapy for Subjects With RPGR Mutation-associated X-linked Retinitis Pigmentosa,EARLY_PHASE1,Frontera Therapeutics,0.423657,0.85,0.423657,0.4146,2036.0,2035.9302942595273,2035.0,2037.0,2034,2038,2041.0,2040.9172696575013,2040.0,2042.0,2037,2044,4.978127213914962
NCT07311863,UGX202 Injection in Patients With Advanced Retinitis Pigmentosa,EARLY_PHASE1,"Suzhou UgeneX Therapeutics Co., Ltd.",0.423657,0.85,0.423657,0.4333,2037.0,2037.4181860143087,2036.0,2038.0,2035,2040,2042.0,2042.4098776828987,2041.0,2044.0,2039,2046,4.993662624174322
NCT01736059,Clinical Trial of Autologous Intravitreal Bone-marrow CD34+ Stem Cells for Retinopathy,PHASE1,"University of California, Davis",0.47073,0.85,0.47073,0.4773,2037.0,2037.4060339409177,2036.0,2038.0,2035,2040,2042.0,2042.4020532160066,2041.0,2044.0,2039,2046,4.99466376038015
NCT07282457,"Prospective, Randomized, Sham-controlled, Dose-finding I/II Trial of Safety and Efficacy of Modified Optogenetic Gene Therapy (ZM-02 Injection)","PHASE1, PHASE2",Zhongmou Therapeutics,0.423657,0.85,0.423657,0.4205,2037.0,2037.1110582639715,2036.0,2038.0,2034,2040,2042.0,2042.1260404280617,2041.0,2044.0,2038,2046,5.008874431504768
NCT07774975,Safety Evaluation Study of Pitavastatin PLGA Nano-particle for Retinitis Pigmentosa,PHASE1,Kyushu University,0.47073,0.85,0.47073,0.4663,2037.0,2037.355993995282,2036.0,2038.0,2035,2040,2042.0,2042.3521338194296,2041.0,2044.0,2039,2046,4.995797200339347
NCT06891885,A Study to Investigate the Safety of DSP-3077 After a Unilateral Eye Injection in Male and Female Participants 18 Years of Age or Older With Retinitis Pigmentosa,"PHASE1, PHASE2","Sumitomo Pharma America, Inc.",0.47073,0.85,0.47073,0.4745,2037.0,2036.9648050579558,2036.0,2038.0,2034,2039,2042.0,2041.9806111696523,2041.0,2043.0,2038,2046,5.022012362347169
NCT02018692,The Effect of Oral Administration of 9-cis Rich Powder of the Alga Dunaliella Bardawil on Visual Functions in Adolescent Patients With Retinitis Pigmentosa,"PHASE1, PHASE2",Sheba Medical Center,0.47073,0.85,0.47073,0.4806,2037.0,2036.8270911360798,2036.0,2038.0,2034,2040,2042.0,2041.8227215980025,2040.0,2043.0,2038,2046,4.998421044616055
NCT07509229,9-cis Beta-Carotene-Rich Extract of Dunaliella Alga in Retinitis Pigmentosa Patients,"PHASE1, PHASE2",Sheba Medical Center,0.47073,0.85,0.47073,0.4726,2037.0,2037.2420651713924,2036.0,2038.0,2035,2040,2042.0,2042.2448159119763,2041.0,2044.0,2038,2046,5.007298454519651
NCT07408232,A Phase 1/2 Study in Healthy Volunteers and Participants With Autosomal Dominant Retinitis Pigmentosa (RHO-adRP),"PHASE1, PHASE2","Octant, Inc.",0.47073,0.85,0.47073,0.4712,2037.0,2036.8374363327673,2036.0,2038.0,2034,2040,2042.0,2041.8310696095077,2040.0,2043.0,2038,2045,4.983967902898806
NCT07847723,A Study of the Safety and Preliminary Efficacy of UGX202 in Patients With Advanced Retinitis Pigmentosa,PHASE1,"Suzhou UgeneX Therapeutics Co., Ltd.",0.423657,0.85,0.423657,0.4251,2037.0,2037.4182545283463,2036.0,2038.0,2035,2040,2042.0,2042.422724064926,2041.0,2044.0,2039,2047,5.003326242386347
